Day,Cars Purchased
2024-08-15,"Nissan Altima, Honda Accord, Audi A4"
2024-08-16,"Hyundai Sonata, BMW 3 Series"
2024-08-17,"Ford Mustang, Hyundai Sonata, Nissan Altima"
2024-08-18,"Chevrolet Malibu, Volkswagen Passat"
2024-08-19,Nissan Altima
2024-08-20,"BMW 3 Series, Hyundai Sonata, Honda Accord"
2024-08-21,"Kia Optima, Chevrolet Malibu"
2024-08-22,"Chevrolet Malibu, Audi A4"
2024-08-23,"Mercedes-Benz C-Class, Subaru Impreza, Hyundai Sonata"
2024-08-24,"Volkswagen Passat, Chevrolet Malibu, Nissan Altima"
2024-08-25,"Mercedes-Benz C-Class, Ford Mustang"
2024-08-26,"BMW 3 Series, Hyundai Sonata, Audi A4"
2024-08-27,"Subaru Impreza, Ford Mustang, Kia Optima"
2024-08-28,"Toyota Camry, Mercedes-Benz C-Class, Nissan Altima"
2024-08-29,Kia Optima
2024-08-30,BMW 3 Series
2024-08-31,"Hyundai Sonata, Nissan Altima, Audi A4"
2024-09-01,Audi A4
2024-09-02,"Honda Accord, Chevrolet Malibu, Nissan Altima"
2024-09-03,"Subaru Impreza, Honda Accord"
2024-09-04,Volkswagen Passat
2024-09-05,"Chevrolet Malibu, Toyota Camry, Nissan Altima"
2024-09-06,"Chevrolet Malibu, Ford Mustang, Hyundai Sonata"
2024-09-07,"Ford Mustang, Audi A4, Chevrolet Malibu"
2024-09-08,Ford Mustang
2024-09-09,"Subaru Impreza, Kia Optima"
2024-09-10,"Chevrolet Malibu, Toyota Camry, Honda Accord"
2024-09-11,Chevrolet Malibu
2024-09-12,Ford Mustang
2024-09-13,"Hyundai Sonata, Toyota Camry"
